player,matches,wins,win_rate,total_move_time,total_moves,average_move_time,illegal_moves_loss,time_out_loss,regular_loss
Group1,11,8,0.7272727272727273,1973.375,406,4.860529556650246,0,0,3
Group2,12,1,0.08333333333333333,0.013999999999999999,399,3.508771929824561e-05,0,0,11
Group4,12,3,0.25,1089.497,398,2.737429648241206,0,0,9
Group5,12,5,0.4166666666666667,1549.93,434,3.571267281105991,0,0,7
Group6,12,11,0.9166666666666666,383.146,347,1.1041671469740635,0,0,1
Group100,12,7,0.5833333333333334,1151.258,345,3.3369797101449277,0,0,5
Group3,11,6,0.5454545454545454,1568.4680000000003,373,4.205008042895443,0,0,5
