player,matches,wins,win_rate,total_move_time,total_moves,average_move_time,illegal_moves_loss,time_out_loss,regular_loss
Group1,12,8,0.6666666666666666,1977.934,408,4.847877450980392,0,0,4
Group2,12,1,0.08333333333333333,0.016,412,3.883495145631068e-05,0,0,11
Group3,12,9,0.75,1551.266,355,4.36976338028169,0,0,3
Group4,12,1,0.08333333333333333,1052.703,384,2.7414140625,0,0,11
Group5,12,5,0.4166666666666667,1337.9319999999998,440,3.040754545454545,0,0,7
Group6,12,11,0.9166666666666666,379.93699999999995,337,1.1274094955489613,0,0,1
Group100,12,7,0.5833333333333334,1243.053,402,3.092171641791045,0,0,5
